{
  "dt_merge_norm": {
    "S1": {
      "mean": 2.378046345714286,
      "p10": 2.347251785714285,
      "p90": 2.372472804761905,
      "stddev": 0.0391810521757119
    },
    "S2": {
      "mean": 3.4521450253333343,
      "p10": 3.475969186666666,
      "p90": 3.4431839266666664,
      "stddev": 0.022421974112784585
    },
    "S3": {
      "mean": 4.681297499090909,
      "p10": 4.7097678,
      "p90": 4.727631818181817,
      "stddev": 0.07505430963823673
    },
    "C1": {
      "mean": 62.141440380000006,
      "p10": 61.868395799999995,
      "p90": 58.76838750000003,
      "stddev": 11.67863597017473
    },
    "C2": {
      "mean": 85.33094248999998,
      "p10": 88.06507499999998,
      "p90": 83.80468299999998,
      "stddev": 3.728687380582614
    },
    "A1": {
      "mean": 10.326687166,
      "p10": 10.133430759999998,
      "p90": 10.2582425,
      "stddev": 0.5698249314726354
    },
    "A2": {
      "mean": 27.736216494999994,
      "p10": 27.64192695,
      "p90": 27.39631265,
      "stddev": 1.000140590331756
    }
  },
  "dt_ff_off": {
    "S1": {
      "mean": 11.809921663999996,
      "p10": 14.83250904,
      "p90": 11.189840120000003,
      "stddev": 1.961588089755596
    },
    "S2": {
      "mean": 19.870921533333327,
      "p10": 19.770667866666667,
      "p90": 19.635408533333333,
      "stddev": 0.38671854843953657
    },
    "S3": {
      "mean": 28.231565595000006,
      "p10": 27.9443,
      "p90": 29.270352399999986,
      "stddev": 0.695189019164988
    },
    "C1": {
      "mean": 74.74832119999999,
      "p10": 77.186633,
      "p90": 74.33454939999999,
      "stddev": 2.3585086834628655
    },
    "C2": {
      "mean": 102.11273502000002,
      "p10": 100.91439609999999,
      "p90": 101.05735059999999,
      "stddev": 1.4808958009284177
    },
    "A1": {
      "mean": 26.915532945,
      "p10": 26.4459771,
      "p90": 30.164045849999987,
      "stddev": 1.4418636918130763
    },
    "A2": {
      "mean": 28.611474979999983,
      "p10": 28.1149293,
      "p90": 27.97877885,
      "stddev": 1.212926820476198
    }
  },
  "dt_opt_load": {},
  "dt-crdt_process_remote_edits": {},
  "automerge_remote": {},
  "yrs_remote": {},
  "ot": {},
  "yjs_remote": {
    "S1": {
      "mean": 57.41284772514621,
      "p10": 56.05801199999951,
      "p90": 57.55393799999911,
      "stddev": 3.4314588704714035
    },
    "S2": {
      "mean": 85.18153684615375,
      "p10": 84.64801260000021,
      "p90": 87.09783660000171,
      "stddev": 2.3329512798384475
    },
    "S3": {
      "mean": 79.93072461290346,
      "p10": 79.80155780000058,
      "p90": 81.33051500000074,
      "stddev": 3.5812436457468264
    },
    "C1": {
      "mean": 84.10543327118617,
      "p10": 85.66311869999772,
      "p90": 86.53187949999628,
      "stddev": 3.1030385448180624
    },
    "C2": {
      "mean": 55.23782650555521,
      "p10": 59.1130919000003,
      "p90": 56.3074750999978,
      "stddev": 3.352232916785458
    },
    "A1": {
      "mean": 88.38225315929175,
      "p10": 86.0255416,
      "p90": 86.39550419998997,
      "stddev": 3.3294846740889574
    },
    "A2": {
      "mean": 74.19105031579002,
      "p10": 74.78094500000589,
      "p90": 78.25383420000725,
      "stddev": 3.5853106831560817
    }
  }
}